{
    "providers": [
	{
            "type": "bitmap",
            "file": "minecraft:font/apple.png",
            "ascent": 12,
            "height": 17,
            "chars": ["\uE782"]
        },
	{
            "type": "bitmap",
            "file": "minecraft:font/baked_potato.png",
            "ascent": 12,
            "height": 17,
            "chars": ["\uE783"]
        },
	{
            "type": "bitmap",
            "file": "minecraft:font/beetroot.png",
            "ascent": 12,
            "height": 17,
            "chars": ["\uE784"]
        },
	{
            "type": "bitmap",
            "file": "minecraft:font/beetroot_stew.png",
            "ascent": 12,
            "height": 17,
            "chars": ["\uE785"]
        },
	{
            "type": "bitmap",
            "file": "minecraft:font/bread.png",
            "ascent": 12,
            "height": 17,
            "chars": ["\uE786"]
        },
	{
            "type": "bitmap",
            "file": "minecraft:font/cake.png",
            "ascent": 12,
            "height": 17,
            "chars": ["\uE787"]
        },
	{
            "type": "bitmap",
            "file": "minecraft:font/carrot.png",
            "ascent": 12,
            "height": 17,
            "chars": ["\uE788"]
        },
	{
            "type": "bitmap",
            "file": "minecraft:font/chorus_fruit.png",
            "ascent": 12,
            "height": 33,
            "chars": ["\uE789"]
        },
	{
            "type": "bitmap",
            "file": "minecraft:font/cooked_beef.png",
            "ascent": 12,
            "height": 17,
            "chars": ["\uE790"]
        },
	{
            "type": "bitmap",
            "file": "minecraft:font/cooked_chicken.png",
            "ascent": 12,
            "height": 17,
            "chars": ["\uE791"]
        },
	{
            "type": "bitmap",
            "file": "minecraft:font/cooked_cod.png",
            "ascent": 12,
            "height": 17,
            "chars": ["\uE792"]
        },
	{
            "type": "bitmap",
            "file": "minecraft:font/cooked_mutton.png",
            "ascent": 12,
            "height": 17,
            "chars": ["\uE793"]
        },
	{
            "type": "bitmap",
            "file": "minecraft:font/cooked_porkchop.png",
            "ascent": 12,
            "height": 17,
            "chars": ["\uE794"]
        },
	{
            "type": "bitmap",
            "file": "minecraft:font/cooked_rabbit.png",
            "ascent": 12,
            "height": 17,
            "chars": ["\uE795"]
        },
	{
            "type": "bitmap",
            "file": "minecraft:font/cooked_salmon.png",
            "ascent": 12,
            "height": 17,
            "chars": ["\uE796"]
        },
	{
            "type": "bitmap",
            "file": "minecraft:font/cookie.png",
            "ascent": 12,
            "height": 17,
            "chars": ["\uE797"]
        },
	{
            "type": "bitmap",
            "file": "minecraft:font/dried_kelp.png",
            "ascent": 12,
            "height": 17,
            "chars": ["\uE798"]
        },
	{
            "type": "bitmap",
            "file": "minecraft:font/enchanted_golden_apple.png",
            "ascent": 12,
            "height": 33,
            "chars": ["\uE799"]
        },
	{
            "type": "bitmap",
            "file": "minecraft:font/glow_berries.png",
            "ascent": 12,
            "height": 17,
            "chars": ["\uE800"]
        },
	{
            "type": "bitmap",
            "file": "minecraft:font/golden_apple.png",
            "ascent": 12,
            "height": 33,
            "chars": ["\uE801"]
        },
	{
            "type": "bitmap",
            "file": "minecraft:font/honey_bottle.png",
            "ascent": 12,
            "height": 17,
            "chars": ["\uE802"]
        },
	{
            "type": "bitmap",
            "file": "minecraft:font/melon_slice.png",
            "ascent": 12,
            "height": 17,
            "chars": ["\uE803"]
        },
	{
            "type": "bitmap",
            "file": "minecraft:font/mushroom_stew.png",
            "ascent": 12,
            "height": 17,
            "chars": ["\uE804"]
        },
	{
            "type": "bitmap",
            "file": "minecraft:font/poisonous_potato.png",
            "ascent": 12,
            "height": 17,
            "chars": ["\uE805"]
        },
	{
            "type": "bitmap",
            "file": "minecraft:font/potato.png",
            "ascent": 12,
            "height": 17,
            "chars": ["\uE806"]
        },
	{
            "type": "bitmap",
            "file": "minecraft:font/pufferfish.png",
            "ascent": 12,
            "height": 33,
            "chars": ["\uE807"]
        },
	{
            "type": "bitmap",
            "file": "minecraft:font/pumpkin_pie.png",
            "ascent": 12,
            "height": 17,
            "chars": ["\uE808"]
        },
	{
            "type": "bitmap",
            "file": "minecraft:font/rabbit_stew.png",
            "ascent": 12,
            "height": 17,
            "chars": ["\uE809"]
        },
	{
            "type": "bitmap",
            "file": "minecraft:font/raw_beef.png",
            "ascent": 12,
            "height": 17,
            "chars": ["\uE810"]
        },
	{
            "type": "bitmap",
            "file": "minecraft:font/raw_chicken.png",
            "ascent": 12,
            "height": 33,
            "chars": ["\uE811"]
        },
	{
            "type": "bitmap",
            "file": "minecraft:font/raw_cod.png",
            "ascent": 12,
            "height": 17,
            "chars": ["\uE812"]
        },
	{
            "type": "bitmap",
            "file": "minecraft:font/raw_mutton.png",
            "ascent": 12,
            "height": 17,
            "chars": ["\uE813"]
        },
	{
            "type": "bitmap",
            "file": "minecraft:font/raw_porkchop.png",
            "ascent": 12,
            "height": 17,
            "chars": ["\uE814"]
        },
	{
            "type": "bitmap",
            "file": "minecraft:font/raw_rabbit.png",
            "ascent": 12,
            "height": 17,
            "chars": ["\uE815"]
        },
	{
            "type": "bitmap",
            "file": "minecraft:font/raw_salmon.png",
            "ascent": 12,
            "height": 17,
            "chars": ["\uE816"]
        },
	{
            "type": "bitmap",
            "file": "minecraft:font/rotten_flesh.png",
            "ascent": 12,
            "height": 33,
            "chars": ["\uE817"]
        },
	{
            "type": "bitmap",
            "file": "minecraft:font/spider_eye.png",
            "ascent": 12,
            "height": 33,
            "chars": ["\uE818"]
        },
	{
            "type": "bitmap",
            "file": "minecraft:font/suspicious_stew.png",
            "ascent": 12,
            "height": 17,
            "chars": ["\uE819"]
        },
	{
            "type": "bitmap",
            "file": "minecraft:font/sweet_berries.png",
            "ascent": 12,
            "height": 17,
            "chars": ["\uE820"]
        },
	{
            "type": "bitmap",
            "file": "minecraft:font/tropical_fish.png",
            "ascent": 12,
            "height": 17,
            "chars": ["\uE821"]
        },
	{
            "type": "bitmap",
            "file": "minecraft:font/brick_slab.png",
            "ascent": 16,
            "height": 24,
            "chars": ["\uE822"]
        },
	{
            "type": "bitmap",
            "file": "minecraft:font/cobblestone_slab.png",
            "ascent": 16,
            "height": 24,
            "chars": ["\uE823"]
        },
	{
            "type": "bitmap",
            "file": "minecraft:font/cut_copper_slab.png",
            "ascent": 16,
            "height": 24,
            "chars": ["\uE824"]
        },
	{
            "type": "bitmap",
            "file": "minecraft:font/cut_red_sandstone_slab.png",
            "ascent": 16,
            "height": 24,
            "chars": ["\uE825"]
        },
	{
            "type": "bitmap",
            "file": "minecraft:font/cut_sandstone_slab.png",
            "ascent": 16,
            "height": 24,
            "chars": ["\uE826"]
        },
	{
            "type": "bitmap",
            "file": "minecraft:font/exposed_cut_copper_slab.png",
            "ascent": 16,
            "height": 24,
            "chars": ["\uE827"]
        },
	{
            "type": "bitmap",
            "file": "minecraft:font/jungle_slab.png",
            "ascent": 16,
            "height": 24,
            "chars": ["\uE828"]
        },
	{
            "type": "bitmap",
            "file": "minecraft:font/nether_brick_slab.png",
            "ascent": 16,
            "height": 24,
            "chars": ["\uE829"]
        },
	{
            "type": "bitmap",
            "file": "minecraft:font/oxidized_cut_copper_slab.png",
            "ascent": 16,
            "height": 24,
            "chars": ["\uE830"]
        },
	{
            "type": "bitmap",
            "file": "minecraft:font/polished_andesite_slab.png",
            "ascent": 16,
            "height": 24,
            "chars": ["\uE831"]
        },
	{
            "type": "bitmap",
            "file": "minecraft:font/polished_diorite_slab.png",
            "ascent": 16,
            "height": 24,
            "chars": ["\uE832"]
        },
	{
            "type": "bitmap",
            "file": "minecraft:font/polished_granite_slab.png",
            "ascent": 16,
            "height": 24,
            "chars": ["\uE833"]
        },
	{
            "type": "bitmap",
            "file": "minecraft:font/prismarine_brick_slab.png",
            "ascent": 16,
            "height": 24,
            "chars": ["\uE834"]
        },
	{
            "type": "bitmap",
            "file": "minecraft:font/quartz_slab.png",
            "ascent": 16,
            "height": 24,
            "chars": ["\uE835"]
        },
	{
            "type": "bitmap",
            "file": "minecraft:font/red_sandstone_slab.png",
            "ascent": 16,
            "height": 24,
            "chars": ["\uE836"]
        },
	{
            "type": "bitmap",
            "file": "minecraft:font/sandstone_slab.png",
            "ascent": 16,
            "height": 24,
            "chars": ["\uE837"]
        },
	{
            "type": "bitmap",
            "file": "minecraft:font/smooth_stone_slab.png",
            "ascent": 16,
            "height": 24,
            "chars": ["\uE838"]
        },
	{
            "type": "bitmap",
            "file": "minecraft:font/weathered_cut_copper_slab.png",
            "ascent": 16,
            "height": 24,
            "chars": ["\uE839"]
        },
	{
            "type": "bitmap",
            "file": "minecraft:font/mossy_cobblestone_slab.png",
            "ascent": 16,
            "height": 24,
            "chars": ["\uE840"]
        },
	{
            "type": "bitmap",
            "file": "minecraft:font/minecraft.png",
            "ascent": 28,
            "height": 43,
            "chars": ["\uE841"]
        },
	{
            "type": "bitmap",
            "file": "minecraft:font/deepslate_tile_slab.png",
            "ascent": 16,
            "height": 24,
            "chars": ["\uE842"]
        },
	{
            "type": "bitmap",
            "file": "minecraft:font/polished_deepslate_slab.png",
            "ascent": 16,
            "height": 24,
            "chars": ["\uE843"]
        },
	{
            "type": "bitmap",
            "file": "minecraft:font/polished_blackstone_slab.png",
            "ascent": 16,
            "height": 24,
            "chars": ["\uE844"]
        },
	{
            "type": "bitmap",
            "file": "minecraft:font/smooth_purpur_slab.png",
            "ascent": 16,
            "height": 24,
            "chars": ["\uE845"]
        },
	{
            "type": "bitmap",
            "file": "minecraft:font/oak_slab.png",
            "ascent": 16,
            "height": 24,
            "chars": ["\uE846"]
        },
	{
            "type": "bitmap",
            "file": "minecraft:font/birch_slab.png",
            "ascent": 16,
            "height": 24,
            "chars": ["\uE847"]
        },
	{
            "type": "bitmap",
            "file": "minecraft:font/spruce_slab.png",
            "ascent": 16,
            "height": 24,
            "chars": ["\uE848"]
        },
	{
            "type": "bitmap",
            "file": "minecraft:font/acacia_slab.png",
            "ascent": 16,
            "height": 24,
            "chars": ["\uE849"]
        },
	{
            "type": "bitmap",
            "file": "minecraft:font/dark_oak_slab.png",
            "ascent": 16,
            "height": 24,
            "chars": ["\uE850"]
        },
	{
            "type": "bitmap",
            "file": "minecraft:font/sharpness.png",
            "ascent": 8,
            "height": 10,
            "chars": ["\uE851"]
        },
	{
            "type": "bitmap",
            "file": "minecraft:font/smite.png",
            "ascent": 8,
            "height": 10,
            "chars": ["\uE852"]
        },
	{
            "type": "bitmap",
            "file": "minecraft:font/bane_of_arthropods.png",
            "ascent": 8,
            "height": 10,
            "chars": ["\uE853"]
        },
	{
            "type": "bitmap",
            "file": "minecraft:font/knockback.png",
            "ascent": 8,
            "height": 10,
            "chars": ["\uE854"]
        },
	{
            "type": "bitmap",
            "file": "minecraft:font/fire_aspect.png",
            "ascent": 8,
            "height": 10,
            "chars": ["\uE855"]
        },
	{
            "type": "bitmap",
            "file": "minecraft:font/sweeping_edge.png",
            "ascent": 8,
            "height": 10,
            "chars": ["\uE856"]
        },
	{
            "type": "bitmap",
            "file": "minecraft:font/protection.png",
            "ascent": 8,
            "height": 10,
            "chars": ["\uE857"]
        },
	{
            "type": "bitmap",
            "file": "minecraft:font/fire_protection.png",
            "ascent": 8,
            "height": 10,
            "chars": ["\uE858"]
        },
	{
            "type": "bitmap",
            "file": "minecraft:font/feather_falling.png",
            "ascent": 8,
            "height": 10,
            "chars": ["\uE859"]
        },
	{
            "type": "bitmap",
            "file": "minecraft:font/blast_protection.png",
            "ascent": 8,
            "height": 10,
            "chars": ["\uE860"]
        },
	{
            "type": "bitmap",
            "file": "minecraft:font/projectile_protection.png",
            "ascent": 8,
            "height": 10,
            "chars": ["\uE861"]
        },
	{
            "type": "bitmap",
            "file": "minecraft:font/respiration.png",
            "ascent": 8,
            "height": 10,
            "chars": ["\uE862"]
        },
	{
            "type": "bitmap",
            "file": "minecraft:font/aqua_affinity.png",
            "ascent": 8,
            "height": 10,
            "chars": ["\uE863"]
        },
	{
            "type": "bitmap",
            "file": "minecraft:font/depth_strider.png",
            "ascent": 8,
            "height": 10,
            "chars": ["\uE864"]
        },
	{
            "type": "bitmap",
            "file": "minecraft:font/frost_walker.png",
            "ascent": 8,
            "height": 10,
            "chars": ["\uE865"]
        },
	{
            "type": "bitmap",
            "file": "minecraft:font/soul_speed.png",
            "ascent": 8,
            "height": 10,
            "chars": ["\uE866"]
        },
	{
            "type": "bitmap",
            "file": "minecraft:font/efficiency.png",
            "ascent": 8,
            "height": 10,
            "chars": ["\uE867"]
        },
	{
            "type": "bitmap",
            "file": "minecraft:font/silk_touch.png",
            "ascent": 8,
            "height": 10,
            "chars": ["\uE868"]
        },
	{
            "type": "bitmap",
            "file": "minecraft:font/unbreaking.png",
            "ascent": 8,
            "height": 10,
            "chars": ["\uE869"]
        },
	{
            "type": "bitmap",
            "file": "minecraft:font/looting.png",
            "ascent": 8,
            "height": 10,
            "chars": ["\uE870"]
        },
	{
            "type": "bitmap",
            "file": "minecraft:font/fortune.png",
            "ascent": 8,
            "height": 10,
            "chars": ["\uE871"]
        },
	{
            "type": "bitmap",
            "file": "minecraft:font/luck_of_the_sea.png",
            "ascent": 8,
            "height": 10,
            "chars": ["\uE872"]
        },
	{
            "type": "bitmap",
            "file": "minecraft:font/lure.png",
            "ascent": 8,
            "height": 10,
            "chars": ["\uE873"]
        },
	{
            "type": "bitmap",
            "file": "minecraft:font/power.png",
            "ascent": 8,
            "height": 10,
            "chars": ["\uE874"]
        },
	{
            "type": "bitmap",
            "file": "minecraft:font/flame.png",
            "ascent": 8,
            "height": 10,
            "chars": ["\uE875"]
        },
	{
            "type": "bitmap",
            "file": "minecraft:font/punch.png",
            "ascent": 8,
            "height": 10,
            "chars": ["\uE876"]
        },
	{
            "type": "bitmap",
            "file": "minecraft:font/infinity.png",
            "ascent": 8,
            "height": 10,
            "chars": ["\uE877"]
        },
	{
            "type": "bitmap",
            "file": "minecraft:font/thorns.png",
            "ascent": 8,
            "height": 10,
            "chars": ["\uE878"]
        },
	{
            "type": "bitmap",
            "file": "minecraft:font/mending.png",
            "ascent": 8,
            "height": 10,
            "chars": ["\uE879"]
        },
	{
            "type": "bitmap",
            "file": "minecraft:font/curse_of_binding.png",
            "ascent": 8,
            "height": 10,
            "chars": ["\uE880"]
        },
	{
            "type": "bitmap",
            "file": "minecraft:font/curse_of_vanishing.png",
            "ascent": 8,
            "height": 10,
            "chars": ["\uE881"]
        },
	{
            "type": "bitmap",
            "file": "minecraft:font/loyalty.png",
            "ascent": 8,
            "height": 10,
            "chars": ["\uE882"]
        },
	{
            "type": "bitmap",
            "file": "minecraft:font/impaling.png",
            "ascent": 8,
            "height": 10,
            "chars": ["\uE883"]
        },
	{
            "type": "bitmap",
            "file": "minecraft:font/riptide.png",
            "ascent": 8,
            "height": 10,
            "chars": ["\uE884"]
        },
	{
            "type": "bitmap",
            "file": "minecraft:font/channeling.png",
            "ascent": 8,
            "height": 10,
            "chars": ["\uE885"]
        },
	{
            "type": "bitmap",
            "file": "minecraft:font/multishot.png",
            "ascent": 8,
            "height": 10,
            "chars": ["\uE886"]
        },
	{
            "type": "bitmap",
            "file": "minecraft:font/quick_charge.png",
            "ascent": 8,
            "height": 10,
            "chars": ["\uE887"]
        },
	{
            "type": "bitmap",
            "file": "minecraft:font/piercing.png",
            "ascent": 8,
            "height": 10,
            "chars": ["\uE888"]
        },
	{
            "type": "bitmap",
            "file": "minecraft:font/golden_carrot.png",
            "ascent": 12,
            "height": 17,
            "chars": ["\uE889"]
        },
	{
            "type": "bitmap",
            "file": "minecraft:font/crimson_slab.png",
            "ascent": 16,
            "height": 24,
            "chars": ["\uE890"]
        },
	{
            "type": "bitmap",
            "file": "minecraft:font/warped_slab.png",
            "ascent": 16,
            "height": 24,
            "chars": ["\uE891"]
        }
    ]
}
