{
    "ambientocclusion": false,
	"textures": {
		"particle": "block/acacia_door_top",
		"2_0": "block/acacia_door_top"
	},
	"elements": [
		{
			"from": [0, 13, 0],
			"to": [2, 16, 16],
			"faces": {
				"north": {"uv": [0, 0, 2, 3], "texture": "#2_0"},
				"east": {"uv": [0, 0, 16, 3], "texture": "#2_0"},
				"south": {"uv": [0, 0, 2, 3], "texture": "#2_0"},
				"west": {"uv": [16, 0, 0, 3], "texture": "#2_0"},
				"up": {"uv": [0, 0, 16, 2], "rotation": 90, "texture": "#2_0"},
				"down": {"uv": [13, 0, 16, 16], "texture": "#2_0"}
			}
		},
		{
			"from": [0, 12, 0],
			"to": [2, 13, 16],
			"faces": {
				"east": {"uv": [0, 3, 16, 4], "texture": "#2_0"},
				"west": {"uv": [16, 3, 0, 4], "texture": "#2_0"},
				"down": {"uv": [0, 3, 16, 4], "rotation": 270, "texture": "#2_0"}
			}
		},
		{
			"from": [0, 0, 0],
			"to": [2, 13, 3],
			"faces": {
				"north": {"uv": [0, 3, 2, 16], "texture": "#2_0"},
				"east": {"uv": [13, 3, 16, 16], "texture": "#2_0"},
				"south": {"uv": [0, 3, 2, 16], "texture": "#2_0"},
				"west": {"uv": [16, 3, 13, 16], "texture": "#2_0"},
				"up": {"uv": [0, 0, 3, 3], "texture": "#missing"}
			}
		},
		{
			"from": [0, 0, 13],
			"to": [2, 13, 16],
			"faces": {
				"north": {"uv": [0, 3, 2, 16], "texture": "#2_0"},
				"east": {"uv": [0, 3, 3, 16], "texture": "#2_0"},
				"south": {"uv": [0, 3, 2, 16], "texture": "#2_0"},
				"west": {"uv": [3, 3, 0, 16], "texture": "#2_0"},
				"up": {"uv": [0, 0, 3, 3], "texture": "#missing"}
			}
		},
		{
			"from": [0, 0, 10],
			"to": [2, 13, 12],
			"faces": {
				"north": {"uv": [0, 3, 2, 16], "texture": "#2_0"},
				"east": {"uv": [4, 3, 6, 16], "texture": "#2_0"},
				"south": {"uv": [0, 3, 2, 16], "texture": "#2_0"},
				"west": {"uv": [6, 3, 4, 16], "texture": "#2_0"},
				"up": {"uv": [0, 0, 3, 2], "texture": "#missing"}
			}
		},
		{
			"from": [0, 0, 4],
			"to": [2, 13, 6],
			"faces": {
				"north": {"uv": [0, 3, 2, 16], "texture": "#2_0"},
				"east": {"uv": [10, 3, 12, 16], "texture": "#2_0"},
				"south": {"uv": [0, 3, 2, 16], "texture": "#2_0"},
				"west": {"uv": [12, 3, 10, 16], "texture": "#2_0"},
				"up": {"uv": [0, 0, 3, 2], "texture": "#missing"}
			}
		}
	],
	"groups": [
		{
			"name": "acacia_door_top",
			"origin": [8, 8, 8],
			"color": 0,
			"children": [0, 1, 2, 3, 4, 5]
		}
	]
}