{
    "ambientocclusion": false,
	"textures": {
		"texture": "block/birch_fence",
		"particle": "block/oak_planks"
	},
	"elements": [
		{
			"name": "top bar",
			"from": [7, 11, 0],
			"to": [9, 13, 6],
			"faces": {
				"east": {"uv": [4, 3, 10, 5], "texture": "#texture"},
				"west": {"uv": [10, 3, 16, 5], "texture": "#texture"},
				"up": {"uv": [4, 3, 10, 5], "rotation": 90, "texture": "#texture"},
				"down": {"uv": [4, 3, 10, 5], "rotation": 90, "texture": "#texture"}
			}
		},
		{
			"name": "lower bar",
			"from": [7, 3, 0],
			"to": [9, 5, 6],
			"faces": {
				"east": {"uv": [4, 11, 10, 13], "texture": "#texture"},
				"west": {"uv": [10, 11, 16, 13], "texture": "#texture"},
				"up": {"uv": [4, 11, 10, 13], "rotation": 90, "texture": "#texture"},
				"down": {"uv": [4, 11, 10, 13], "rotation": 90, "texture": "#texture"}
			}
		},
		{
			"name": "lower bar",
			"from": [6.5, -1, 0],
			"to": [9.5, 15, 1],
			"faces": {
				"north": {"uv": [0, 0, 3, 16], "texture": "#texture", "cullface": "north"},
				"east": {"uv": [9, 0, 10, 16], "texture": "#texture"},
				"south": {"uv": [0, 0, 3, 16], "texture": "#texture"},
				"west": {"uv": [10, 0, 11, 16], "texture": "#texture"},
				"up": {"uv": [4, 11, 10, 13], "rotation": 90, "texture": "#texture"},
				"down": {"uv": [4, 11, 10, 13], "rotation": 90, "texture": "#texture"}
			}
		},
		{
			"from": [6.5, -1, 3],
			"to": [9.5, 15, 5],
			"faces": {
				"north": {"uv": [0, 0, 3, 16], "texture": "#texture"},
				"east": {"uv": [5, 0, 7, 16], "texture": "#texture"},
				"south": {"uv": [0, 0, 3, 16], "texture": "#texture"},
				"west": {"uv": [13, 0, 15, 16], "texture": "#texture"},
				"up": {"uv": [0, 14, 3, 16], "texture": "#texture"},
				"down": {"uv": [0, 14, 3, 16], "texture": "#texture"}
			}
		}
	]
}