{
    "ambientocclusion": false,
	"textures": {
		"0": "block/nether_brick_fence",
		"particle": "block/nether_bricks"
	},
	"elements": [
		{
			"name": "top bar",
			"from": [7, 4, 0],
			"to": [9, 8, 4],
			"faces": {
				"north": {"uv": [4.5, 4, 5.5, 6], "texture": "#0", "cullface": "north"},
				"east": {"uv": [3, 4, 5, 6], "texture": "#0"},
				"south": {"uv": [4.5, 4, 5.5, 6], "texture": "#0"},
				"west": {"uv": [5, 4, 7, 6], "texture": "#0"},
				"up": {"uv": [5, 4, 7, 5], "rotation": 90, "texture": "#0"},
				"down": {"uv": [3, 5, 5, 6], "rotation": 90, "texture": "#0"}
			}
		},
		{
			"name": "lower bar",
			"from": [7, 12, 0],
			"to": [9, 16, 4],
			"faces": {
				"north": {"uv": [4.5, 0, 5.5, 2], "texture": "#0", "cullface": "north"},
				"east": {"uv": [3, 0, 5, 2], "texture": "#0"},
				"south": {"uv": [4.5, 0, 5.5, 2], "texture": "#0"},
				"west": {"uv": [5, 0, 7, 2], "texture": "#0"},
				"up": {"uv": [5, 0, 7, 1], "rotation": 90, "texture": "#0"},
				"down": {"uv": [3, 1, 5, 2], "rotation": 90, "texture": "#0"}
			}
		},
		{
			"from": [6.5, 0, 1],
			"to": [9.5, 4, 6],
			"faces": {
				"north": {"uv": [3, 6, 4.5, 8], "texture": "#0"},
				"east": {"uv": [2, 6, 4.5, 8], "texture": "#0"},
				"west": {"uv": [5.5, 6, 8, 8], "texture": "#0"},
				"up": {"uv": [2, 6, 4.5, 7], "rotation": 270, "texture": "#0"},
				"down": {"uv": [2, 7, 4.5, 8], "rotation": 90, "texture": "#0"}
			}
		},
		{
			"from": [6.5, 8, 1],
			"to": [9.5, 12, 6],
			"faces": {
				"north": {"uv": [3, 2, 4.5, 4], "texture": "#0"},
				"east": {"uv": [2, 2, 4.5, 4], "texture": "#0"},
				"west": {"uv": [5.5, 2, 8, 4], "texture": "#0"},
				"up": {"uv": [2, 2, 4.5, 3], "rotation": 270, "texture": "#0"},
				"down": {"uv": [2, 3, 4.5, 4], "rotation": 90, "texture": "#0"}
			}
		}
	]
}